Count of Variances,0,,,,, BS Threshold ," 100,000,000 ",Yes,,,
Comments updated,0,,,,,,,,,,
,,," 6,285,267,991 "," 2,287,847,328 ",,,,,,,
Sum of USD,,, Period ,,,,,,,,
BS,IFRS Pack Sch Description,IFRS Pack Acct Node,Nov'25,Oct'25,(blank), % ,Exceeds $100mn,Variance Explanation,Check,Commentaries,
Asset,Cash & Bal. at C.Bnk,1111 - Cash in hand," 256,165,279 "," 245,171,822 ",,0%,No,,No - Variance does not exceed $100M,,
,,1117 - Unrestricted Bal. with C.Bnk," 805,803,589 "," 293,313,760 ",,0%,No,Cash movement is BAU liquidity activities ,No - Variance does not exceed $100M,HK$0.5bn - Increase is driven by placements with central bank as BAU for treasury markets & transaction banking operations.,
,Derivative Financial Instruments Assets,1855 - Deriv. Fin. Instrmnts Assts," 2,864,696,022 "," 3,051,612,275 ",,0%,No,"Increase in asset & Liability majorly driven by
1. Increase in Commodity desk on the back of increase in the MTM of existing XU1/CNH, XAU/CNH and XAU/USD Trades coupled with
2. Increase in GFX Desk on the back of net new trades majorly noticed in CNH/USD pair",No - Variance does not exceed $100M,"Derivative Asset :
1. Decrease in FX forwards across Commodity, Rates & GFX desks driven by expiries offset by
2. Increase in Commodity desk on the back of increase in the MTM of existing XU1/CNH, XAU/CNH and XAU/USD Trades coupled with increase in Equity derivative options in Credit desk (Equity Derivative options have noticed a reduction on the liability side) ",
,Due from Other Banks,1120 - Items in Collectn fr Oth Banks," 411,951 "," 251,505 ",,0%,No,,No - Variance does not exceed $100M,,
,,1205A - Depo & Oth Ln w Bnk & Cr Instn ," 17,172,560,788 "," 15,828,926,416 ",,0%,No,"Variance primarily on account of interbank CBN's of $146Mn on account of repayments

1. KOOKMIN BANK of $133Mn",No - Variance does not exceed $100M,"AMCST category - Major contributors to the variance:
1. Increase in Money market & FM loans due to issuance of fresh loans - USD 800 Mn
2. Increase in Pre export financing - USD 300 Mn

FVTPL category - Major contributors to the variance: 
1. Increase in Secondary Loan Trading - USD 250 Mn",
,,1240 - Cr Bills Negotiated-Banks," 442,696,799 "," 453,512,769 ",,0%,No,"Variance primairly on account of higher interbank lending in Treasury business of $400Mn typically to manage liquidity requirements. Surplus funds on matured placements with HKMA have been partially redeployed to interbank lending leading to the variance. At overall level the variance is only 3%

Counterparties contributing to the variance are as follows
1.LAND BANK OF TAIWAN CO., LTD. $160Mn
2.MITSUBISHI UFJ TRUST AND BANKING CORPORATION, HONG KONG BRANCH $150Mn
3.CATHAY UNITED BANK, SINGAPORE BRANCH $150Mn",No - Variance does not exceed $100M,,
,,1245A - Adv to Banks Reverse Repos," 2,924,523,191 "," 3,084,112,080 ",,0%,No,,No - Variance does not exceed $100M,Variance mainly driven by decrease in reverse repo balances with BARCLAYS BANK PLC and CHINA CITIC BANK INTERNATIONAL LIMITED,
,,1270_E - ECL Pro Due fr Oth Bank," (3,387,795)"," (3,554,896)",,0%,No,,No - Variance does not exceed $100M,,
,Intangible Fixed Assets,1691 - Work In Progress-Intangible," 35,846,692 "," 34,778,168 ",,0%,No,,No - Variance does not exceed $100M,,
,,1692 - Capitalised Software," 561,143,768 "," 572,842,028 ",,0%,No,,No - Variance does not exceed $100M,,
,,1693 - GoodWill," 93,608,821 "," 93,799,424 ",,0%,No,,No - Variance does not exceed $100M,,
,Inter-co/brnch Bal. Due,1902-AIR - Group," 158,627,055 "," 134,209,549 ",,0%,No,,No - Variance does not exceed $100M,,
,,1905B-Interco - Share Options Asset," 67,410,847 "," 68,289,888 ",,0%,No,,No - Variance does not exceed $100M,,
,,1908B-Interco - CBR Asset," 1,594,331 "," 1,594,521 ",,0%,No,,No - Variance does not exceed $100M,,
,,1915B-Interco PE Cost Rec," 146,887,571 "," 126,446,534 ",,0%,No,,No - Variance does not exceed $100M,,
,,1915C-Interco PE Other Rec," 748,207 "," 748,559 ",,0%,No,Interco and hence excluded,No - Variance does not exceed $100M,,
,,1915D-Interco PE L&D Rec," 30,443,699,814 "," 32,593,583,055 ",,0%,No,,No - Variance does not exceed $100M,Interco bal and hence excluded.,
,,1915E-Interco PE revenue Rec," 139,500,872 "," 142,509,852 ",,0%,No,Interco and hence excluded,No - Variance does not exceed $100M,,
,,1917 - Interco Nostro," 1,998,496,805 "," 3,122,095,696 ",,0%,No,Interco and hence excluded,No - Variance does not exceed $100M,HK $(1)bn-decrease in Oct'25 due to huge balance in Nov’25 towards receipt of funds on last working day from different branches of Bank of China,
,,1928H-Interco - FGCR," 105,877,869 "," 91,201,081 ",,0%,No,,No - Variance does not exceed $100M,,
,Inter-co/brnch Derivatives,1903 - Inter-co/brnch Derivtvs.-Asts," 4,292,768,658 "," 5,131,145,981 ",,0%,No,,No - Variance does not exceed $100M,Interco bal and hence excluded.,
,Investments in Associates & JVs,1960A - Investmt in Associates-Cost," 406,957,342 "," 407,785,975 ",,0%,No,Interco and hence excluded,No - Variance does not exceed $100M,,
,,1960B - Investmt in Associates-Equity," 1,895,287,480 "," 1,925,403,118 ",,0%,No,,No - Variance does not exceed $100M,,
,,1960C - Provision for Impairment-Assoc," (1,464,924,711)"," (1,467,907,542)",,0%,No,,No - Variance does not exceed $100M,,
,Investments in Subsidiaries,1970A - Investmt in Subsid-Cost," 7,024,936,207 "," 7,039,240,151 ",,0%,No,,No - Variance does not exceed $100M,,
,,1970D - Provision for Impairment-Subs," (129,902,488)"," (130,166,991)",,0%,No,Captal Injection in Mox bank for HK$782Mn/-,No - Variance does not exceed $100M,,
,Investmt Sec.-Debt Sec,1415 - Cert of Depo-Banks & Bldg Soc," (34,887,469)"," (36,954,687)",,0%,No,,No - Variance does not exceed $100M,,
,,1417 - Cert of Depo-Other," (1,989,416)"," (2,402,948)",,0%,No,,No - Variance does not exceed $100M,,
,,1441 - Other Debt Sec-C.Bnks&C.Govts," 32,399,597,026 "," 32,313,348,876 ",,0%,No,,No - Variance does not exceed $100M,,
,,1445 - Other Debt Sec-Banks," 3,253,686,843 "," 3,611,197,662 ",,0%,No,,No - Variance does not exceed $100M,"FVTPL : Decline in holdings due to reduced viability of China onshore bond arbitrage trades. Previously, the strategy benefitted from favourable synthetic CNY funding cost via USD liquidity and CCS, which provided spread advantage. However, the market conditions are shifted and the spread benefit has significantly narrowed which led to decline in the holding of China access Trades",
,,1451 - Other Debt Sec-Other," 15,820,828,939 "," 14,955,261,755 ",,0%,No,,No - Variance does not exceed $100M,$0.4bn invested for earning steady interest income as part of NII Management and balance driven by TM desk as part of liquidity management,
,,1490_E - ECL Pro-Debt Sec," (3,754,841)"," (878,782)",,0%,No,"FVTPL($0.9Bn) : Decline in holdings due to reduced viability of China onshore bond arbitrage trades and FVOCI($0.2Bn) : Decline in holdings on account of liquidity management.

The above decrease partially offset by increase in AMCST $0.6Bn. Mainly due to higher commercial surplus and BAU yield management.
",No - Variance does not exceed $100M,,
,,1907A - Other Debt Securities-Group," 2,434,916,077 "," 2,420,069,799 ",,0%,No,TM invested under AMCST portfolio for earning steady interest income(NII Management).,No - Variance does not exceed $100M,,
,Investmt Sec.-Debt Sec.-NGp,1415 - Cert of Depo-Banks & Bldg Soc," 3,549,376,828 "," 4,168,568,144 ",,0%,No,,No - Variance does not exceed $100M,"FVTPL : Decline in holdings due to reduced viability of China onshore bond arbitrage trades. Previously, the strategy benefitted from favourable synthetic CNY funding cost via USD liquidity and CCS, which provided spread advantage. However, the market conditions are shifted and the spread benefit has significantly narrowed which led to decline in the holding of China access Trades",
,,1417 - Cert of Depo-Other," 94,951,816 "," 108,424,821 ",,0%,No,Movement is driven by equity TRS backed trades.,No - Variance does not exceed $100M,,
,,1451 - Other Debt Sec-Other," 109,590 "," (360,760)",,0%,No,,No - Variance does not exceed $100M,,
,Investmt Sec.-Equity Shares,1550 - Capital of Other Banks," 359,540,868 "," 187,063,771 ",,0%,No,,No - Variance does not exceed $100M,Movement is driven by equity TRS backed trades.,
,,1570 - Other Equity Shares," 6,252,644,509 "," 6,419,430,510 ",,0%,No,Movement is driven by equity TRS backed trades.,No - Variance does not exceed $100M,Movement is driven by equity TRS backed trades.,
,Loans and Advances to Customers,1321 - Loans-C.Bnks and C.Govts," 3,381,928,737 "," 4,326,241,676 ",,0%,No,Movement is driven by equity TRS backed trades.,No - Variance does not exceed $100M,"Major contributors to the variance and these are mainly due to deals matured/ repayments
1. Decrease in Money market & FM loans - USD 775 Mn
2. Decrease in Corporate Short term loans - USD 171 Mn",
,,1323 - Loan-Public Sector Entities," 143,783,654 "," 193,937,963 ",,0%,No,The MoM variance is only 1% and is driven by client flow and is BAU,No - Variance does not exceed $100M,,
,,1325 - Loan-Securd By Mrtg-Resid Prop," 31,334,154,219 "," 31,192,750,463 ",,0%,No,,No - Variance does not exceed $100M,"Major contributors to the variance:
1. Increase in Residential Mortgage loans - USD 158 Mn",
,,1327 - Cr Bills Negotiated-Cust," 38,448,632 "," 40,332,160 ",,0%,No,,No - Variance does not exceed $100M,,
,,"1330 - Other Loans, Advances & Bills"," 39,726,413,776 "," 41,099,162,743 ",,0%,No,,No - Variance does not exceed $100M,"AMCST Category - Major contributors to the variance:
1. Decrease in Personal loans - USD 940 Mn due to sale of portfolio to Mox Bank as part of Project Oxford
2. Decrease in Trade and working captial business of USD 1013Mn  mainly due to lack of client demand and is contributed by 
a. Non retail overdraft of USD 665Mn
b.Receivables Discounting of USD 222Mn
c.corporate short term loans of USD 182Mn
offset by increase in 
3.Corporate term loans and short terms loans of USD 384Mn due to new drawdowns
FVTPL Category - Major contributors to the variance: 
1. Increase in Secondary Loan Trading - USD 124 Mn
2. Increase in Credit Linked Deposit - USD 30 Mn
3. Increase in Money Market Loans - 14 Mn",
,,1337A - Adv to Customers Reverse Repos," 13,271,227,064 "," 13,961,740,702 ",,0%,No,,No - Variance does not exceed $100M,"Variance mainly driven by decrease in reverse repo balances with THE TOKYO TANSHI CO., LTD and CITIC Securities International Capital Management Limited",
,,1337B - Cash collateral on stock borrowings-Cus, 0 , 0 ,,0%,No,,No - Variance does not exceed $100M,,
,,1380_E - ECL Pro-LN to Cu," (313,366,187)"," (344,858,671)",,0%,No,Variance primairly on account of  repayment of MM loans with HKMA of $960Mn and Ministry of Finance of $123Mn,No - Variance does not exceed $100M,,
,,1380I- Int in Suspense," (179,261,324)"," (144,070,219)",,0%,No,,No - Variance does not exceed $100M,,
,,1385 - Cus-Prov for B/D-Spec-Disc," (3,546,240)"," (9,322,464)",,0%,No,,No - Variance does not exceed $100M,,
,,1386 - Cus- Prov for B/D-Spec-AIR," (1,109,489)"," (1,202,608)",,0%,No,,No - Variance does not exceed $100M,,
,,1395 - Cus-Prov for B/D-Spec-Prin," (717,429,977)"," (720,691,102)",,0%,No,Decrease in net cash collateral liability driven by increase in net derivative liability (higher increase noticed in derivative liabilities),No - Variance does not exceed $100M,,
,Other Assets,1702 - Sundry Debtors," 884,582,030 "," 1,125,441,294 ",,0%,No,Increase in Metal positions largely driven by client flow activity on the back of increased volatility in gold prices,No - Variance does not exceed $100M,HK $(0.2)bn - Decrease in misc control a/c - settlements with Visa & Master card as per normal business operations,
,,1802-Commodities Purchased," 11,064,888,160 "," 10,217,071,641 ",,0%,No,,No - Variance does not exceed $100M,Increase in Commodity positions largely driven by client flow activity on the back of increased volatility in gold prices,
,,1860 - Unsettled Trades-Asts," 1,410,428,753 "," 1,427,435,531 ",,0%,No,,No - Variance does not exceed $100M,,
,,1880B - NGrp Accptncs&Endrsemts-Asts," 166,117,169 "," 181,254,090 ",,0%,No,,No - Variance does not exceed $100M,,
,,1880C - Cash Collateral-Asts," 436,473,324 "," 543,307,403 ",,0%,No,,No - Variance does not exceed $100M,Increase in net cash collateral liability driven by derivative MTM movements,
,,1880E - Other Accounts_Fin," 21,943,950 "," 23,627,446 ",,0%,No,,No - Variance does not exceed $100M,,
,,1880F - Other Accounts_Non.Fin, 0 , 0 ,,0%,No,"The Major Variance is on account of decrease in Unsettled Trade Receivable from Treasury Bills.
Unsettled trade balances are usually timing difference in nature and will be settled in due course as per market convention. ",No - Variance does not exceed $100M,,
,,1880G - Margin Money - Derv Contracts, 0 , 0 ,,0%,No,Balance in Sep'25 pertains to Corporate term loan which has been authorised for held for sale in Q3'25,No - Variance does not exceed $100M,,
,,1890 - HK Govt Cert of Indebtedness," 6,441,739,068 "," 6,453,568,441 ",,0%,No,,No - Variance does not exceed $100M,,
,Prepayments & Accrued Income,1701 - Prepayments," 47,534,150 "," 36,450,902 ",,0%,No,,No - Variance does not exceed $100M,,
,,1751 - AIR-C.Bnks & C.Governments," 210,224,026 "," 217,370,836 ",,0%,No,,No - Variance does not exceed $100M,,
,,1755 - AIR -Banks," 137,546,690 "," 150,490,601 ",,0%,No,,No - Variance does not exceed $100M,,
,,1757 - AIR-Public Sector Entities," 622,809 "," 1,184,876 ",,0%,No,,No - Variance does not exceed $100M,,
,,1765 - AIR-Ln-Secd By Mrtg-Resid Prop," 29,046,039 "," 32,129,700 ",,0%,No,,No - Variance does not exceed $100M,,
,,"1770 - AIR-Oth Loan, Adv & Bills Held"," 143,328,427 "," 144,626,941 ",,0%,No,,No - Variance does not exceed $100M,,
,,1780 - AIR-Other," 58,462,096 "," 48,435,732 ",,0%,No,,No - Variance does not exceed $100M,,
,Property and Equipment,1610 - Freehold Property-Cost," 66,640,789 "," 66,776,480 ",,0%,No,,No - Variance does not exceed $100M,,
,,1615 - Freehold Property-AccDpr," (25,656,704)"," (25,597,651)",,0%,No,,No - Variance does not exceed $100M,,
,,1630 - Short Leases-Cost," 1,041,798,809 "," 1,039,635,062 ",,0%,No,,No - Variance does not exceed $100M,,
,,1635 - Short Leases-AccDpr," (676,773,320)"," (673,432,480)",,0%,No,,No - Variance does not exceed $100M,,
,,1640 - Work In Progress-PPE," 16,288,649 "," 22,564,751 ",,0%,No,,No - Variance does not exceed $100M,,
,,1641 - Construction Accounts," 4,561,740 "," 2,856,812 ",,0%,No,,No - Variance does not exceed $100M,,
,,1645 - Short Leases-Acc Impairment," (20,417,097)"," (20,502,456)",,0%,No,,No - Variance does not exceed $100M,,
,,"1650 - Premises, Plant & Eqmt-Cost"," 63,185,994 "," 62,499,800 ",,0%,No,,No - Variance does not exceed $100M,,
,,"1655 - Premises, Plant & Eqmt-AccDpr"," (43,457,359)"," (42,835,713)",,0%,No,,No - Variance does not exceed $100M,,
,,1660 - Office Equipment-Cost," 167,496,575 "," 154,476,814 ",,0%,No,,No - Variance does not exceed $100M,,
,,1660A - Furniture & Fitting-Cost," 13,172,369 "," 13,199,190 ",,0%,No,,No - Variance does not exceed $100M,,
,,1660B - Motor Vehicles-Cost," 1,196,193 "," 987,314 ",,0%,No,,No - Variance does not exceed $100M,,
,,1660C - Capitalised Leased Eqmt-Cost," 122,520,360 "," 122,607,024 ",,0%,No,,No - Variance does not exceed $100M,,
,,1665 - Office Equipment-AccDpr," (75,455,428)"," (68,403,562)",,0%,No,,No - Variance does not exceed $100M,,
,,1665A - Furniture & Fitting-AccDpr," (11,300,944)"," (11,232,877)",,0%,No,,No - Variance does not exceed $100M,,
,,1665B - Motor Vehicles-AccDpr," (801,794)"," (754,477)",,0%,No,,No - Variance does not exceed $100M,,
,,1665C - Capitalised Leased Eqmt-AccDpr," (46,961,035)"," (45,000,549)",,0%,No,,No - Variance does not exceed $100M,,
,,1680 - Investment Property-Cost," 24,875,852 "," 24,926,503 ",,0%,No,"$ 0.9Bn increase by treasury desk as a part of BS liquidity management.
Balance increase driven by FM desk for better market opportunities.",No - Variance does not exceed $100M,,
,Treasury & Oth. Eligible Bills,1151 - Treasury Bills," 12,441,405,654 "," 9,891,014,241 ",,0%,No,,No - Variance does not exceed $100M,$ 3.2Bn increase by treasury desk as a part of BS liquidity management which partially offset by decline in FM desk $0.7bn which is driven by Rates desk due to TRS backed trades rolling off during the month,
Liability,Accruals and Deferred Income,2650 - AIP-Non Group," (504,795,946)"," (496,475,924)",,0%,No,,No - Variance does not exceed $100M,,
,,2680 - Sundry Accruals & Deferred Inc," (421,289,499)"," (401,832,214)",,0%,No,,No - Variance does not exceed $100M,,
,,2681A - Holiday Pay Accrual," (20,675,464)"," (20,717,563)",,0%,No,Both CF Hedge reserves to be seen together as the net impact is very less. Line no 142,No - Variance does not exceed $100M,,
,Branch Reserves and Profits,2083 - P/L Awaiting Remittance," (45,771)"," (24,347)",,0%,No,,No - Variance does not exceed $100M,,
,,2089A - BrchRsv-Reval.Rsv-Premises, 0 , 0 ,,0%,No,,No - Variance does not exceed $100M,,
,,2089C - BrchRsv-Reval.Rsv-CF Hedges," (346,015,486)"," (306,962,380)",,0%,No,"Variance mainly driven by increase in placements by Investors and Intermediaries by $1.0bn, Global corporates by $0.4bn, Energy traders by $0.4bn partly offset by decrease in placements by middle markets by $0.4bn. 
Vostro balances increased by $0,5bn compared to Sep 2025 ",No - Variance does not exceed $100M,,
,Customer Accounts,2310 - Cust Acc-Current&Deposit Accts," (34,547,851,403)"," (33,421,280,132)",,0%,No,Increase in TB Saving deposits by $1.8bn compared to Sep 2025. Increase is mainly driven by Increase in placements by Investors and Intermediaries by $1bn and Middle markets by $0.5bn,No - Variance does not exceed $100M,Variance mainly driven by Increase in TB CASA balances during Nov 2025.,
,,2320 - Cust Acc-Saving Deposits," (75,958,552,749)"," (78,499,768,144)",,0%,No,,No - Variance does not exceed $100M,Decrease of $1.5bn in CIB and $1.0bn in WRB saving deposits compared to Oct 2025. Decrease in CIB balances majorly driven due to decrease in placements by Investors and Intermediaries. Reduction in WRB saving deposits is main due to decrease in priority banking segment $1.5bn partly offset by Increase in private banking segment by $0.5bn compared to Oct 2025.,
,,2330 - Cust Acc-Time Deposits," (77,803,811,261)"," (77,211,602,988)",,0%,No,,No - Variance does not exceed $100M,"Variance mainly driven due to decrease in WRB Time Deposits by $1.4bn due to decrease in placements in priority banking segment compared to Oct 2025. This was partly offset by Increase in CIB Time deposits by $0.5bn compared to Oct 2025. Increase in CIB Time Deposits mainly noted in placements by global corporates compared to Oct 2025.Additionally,Variance is also mainly driven by reduction in rate linked deposits compared to Oct 2025.",
,,2350 - Cust Acc-Liabs-Sale&Repo Agrmt," (291,144,922)"," (191,577,371)",,0%,No,Variance is mainly driven by increase in WRB Time Deposits by $1.2bn and CIB Time Deposits by $0.2bn compared to Sep 2025. Increase in WRB time Deposits is mainly driven by Increase in placements by priority banking customers during Oct 2025.,No - Variance does not exceed $100M,,
,,2360 - Cust Acc-Other Deposits," (16,852,735)"," (16,455,027)",,0%,No,,No - Variance does not exceed $100M,,
,Debt Securities in Issue,2430 - Other Debt Securities in Issue," (71,893,120)"," (104,390,571)",,0%,No,Decrease in Vostro balances compared to Sep 2025,No - Variance does not exceed $100M,,
,Deposits by Banks,2210 - Dep Bk-Current & Deposit Accts," (3,747,813,080)"," (3,144,181,428)",,0%,No,"Variance mainly driven by increase in repo balances with CHINA ZHESHANG BANK CO., LTD $140mn",No - Variance does not exceed $100M,Variance due to entry posted for reclassifying credit balance in Nostro accounts to Nostro account overdrawn account which is a BAU movement & the additional cause can also be attributed to Increase in Vostro balances compared to Oct 2025.,
,,2220 - Dep Bk-Time Deposits," (516,773,621)"," (833,567,637)",,0%,No,"The movement is from Interbank borrowing , which is BAU Liquidity management ",No - Variance does not exceed $100M,Lower interbank borrowing during Nov 2025 driven by BAU liquidity management,
,,2230 - Dep Bk-Liabs-Sale&Repo Agreemt," (25,487,859)"," (166,177,514)",,0%,No,"Increase in asset & Liability majorly driven by
1. Increase in Commodity desk on the back of increase in the MTM of existing XU1/CNH, XAU/CNH and XAU/USD Trades coupled with
2. Increase in GFX Desk on the back of net new trades majorly noticed in CNH/USD pair",No - Variance does not exceed $100M,"Variance driven by maturity of repo balances with CHINA ZHESHANG BANK CO., LTD during Nov 2025",
,Derivative Financial Instruments Liabilities,2855 - Deriv. Fin. Instrmnts Liabs," (3,220,852,975)"," (3,375,767,858)",,0%,No,,No - Variance does not exceed $100M,"Derivative Liability: 
1. Decrease in FX forwards across Commodity, Rates & GFX desks driven by expiries and 
2. Decrease in Total Return Swaps in Rates Desk and Equity swaps in Credit desk offset by
3. Increase in Commodity desk on the back of increase in the MTM of existing XU1/CNH, XAU/CNH and XAU/USD Trades",
,Inter-co/brnch Bal. Owing,2902-AIP - Inter-co/brnch Bal. Owing," (123,597,932)"," (105,469,742)",,0%,No,,No - Variance does not exceed $100M,,
,,2905I-Interdesk - AIP - Inter-co/brnch Bal. Owing," 124,618,835 "," 151,650,689 ",,0%,No,,No - Variance does not exceed $100M,,
,,2906H-Interco - FGCR," (292,645,832)"," (223,249,708)",,0%,No,,No - Variance does not exceed $100M,,
,,2908-Interco - CBR Liability," (1,250,575)"," (1,234,471)",,0%,No,Interco and hence excluded,No - Variance does not exceed $100M,,
,,2915 - Interco Vostro," (2,728,433,153)"," (1,627,851,012)",,0%,No,,No - Variance does not exceed $100M,Interco bal and hence excluded.,
,,2915B-Interco PE Cost Payables," (262,872,022)"," (220,865,586)",,0%,No,,No - Variance does not exceed $100M,,
,,2915C-Interco PE Others Payables," (2,637,893)"," (1,735,045)",,0%,No,Interco and hence excluded,No - Variance does not exceed $100M,,
,,2915D-Interco PE L&D Payables," (2,996,346,105)"," (7,138,530,987)",,0%,No,,No - Variance does not exceed $100M,Interco bal and hence excluded.,
,,2915E-Interco PE Revenue Payables," (251,598,886)"," (235,837,496)",,0%,No,,No - Variance does not exceed $100M,,
,,2915I-Interdesk - Interco PE Payables," (127,425,418)"," (153,036,096)",,0%,No,,No - Variance does not exceed $100M,,
,Inter-co/brnch Derivatives,2903A - Inter-co/brnch Derivtvs-Liab," (4,264,049,929)"," (4,828,729,857)",,0%,No,Interco and hence excluded,No - Variance does not exceed $100M,Interco bal and hence excluded.,
,,2903I-Interdesk - Inter-co/brnch Derivtvs.-Liab," (720,590)"," 1,243,591 ",,0%,No,,No - Variance does not exceed $100M,,
,Other Liabilities,2810 - ShrtPst-TrsuryBills&SimilarSec," (3,834,016,845)"," (4,450,913,137)",,0%,No,,No - Variance does not exceed $100M,Decline in Short position in T Bills on account of unwinding of positions.,
,,2821 - ShrtPst-DebtSec-Govt Sec," (2,063,162,062)"," (1,030,379,158)",,0%,No,Movement is on account of the current taxation,No - Variance does not exceed $100M,Increase in Short position of Government Securities under FM desk due to increase in trading activities in anticipation of movement in the interest rates.,
,,2827 - ShrtPst-DebtSec-Oth Debt Sec," (783,705)"," (1,294,413)",,0%,No,,No - Variance does not exceed $100M,,
,,2830 - ShrtPst-EqSh&OthVarYieldSec," 7,524,045 ", 0 ,,0%,No,,No - Variance does not exceed $100M,,
,,2835 - Current Taxation," (156,829,031)"," (85,577,702)",,0%,No,,No - Variance does not exceed $100M,,
,,2841 - Lease liabilities -Property," (283,542,205)"," (282,845,075)",,0%,No,,No - Variance does not exceed $100M,,
,,2850 - Drafts Payable," (21,769,694)"," (15,772,429)",,0%,No,Movement is on the suspense balances ,No - Variance does not exceed $100M,,
,,2860 - Notes in Circulation," (6,441,739,068)"," (6,453,568,441)",,0%,No,,No - Variance does not exceed $100M,,
,,2865 - Unsettled Trades-Liab," (2,183,765,297)"," (1,790,948,937)",,0%,No,Increase in Short positions of Government Securities under FM desk due to increase in trading activities in anticipation of movement in the interest rates.,No - Variance does not exceed $100M,"The Major Variance is on account of increase in Unsettled Trade Payable from Government Bonds and Secondary Loan Trading
Unsettled trade balances are usually timing difference in nature and will be settled in due course as per market convention. ",
,,2869A - Other Liability Accounts_Fin," (2,313,350,241)"," (3,115,598,976)",,0%,No,,No - Variance does not exceed $100M,Decrease pertains to  temporary fund deposits pending for transfer to individual customer accounts.,
,,2869B - Other Liability Accounts_Non.Fin," 3,026,430 "," (3,192,372)",,0%,No,,No - Variance does not exceed $100M,,
,,2870B - NGrp Accptncs&Endrsemts-Liab," (166,117,169)"," (181,254,090)",,0%,No,Increase in Short positions under FM desk due to increase in trading activities in anticipation of movement in the interest rates.,No - Variance does not exceed $100M,,
,,2881 - S.Creditors & Oth.Payables," (205,004,492)"," (186,541,371)",,0%,No,"The Major Variance is on account of decrease in Unsettled Trade Payable from Treasury Bills.
Unsettled trade balances are usually timing difference in nature and will be settled in due course as per market convention. ",No - Variance does not exceed $100M,,
,,2881A - Cash Collateral-Liab," (741,334,850)"," (585,226,265)",,0%,No,,No - Variance does not exceed $100M,Increase in net cash collateral liability driven by derivative MTM movements,
,Provs. for Liabs. and Charges,2710 - Prov-Deferred Taxation," (114,264,973)"," (113,079,655)",,0%,No,,No - Variance does not exceed $100M,,
,,2720B - Unfunded Defined Benefit Sch," 28,515,075 "," 28,916,442 ",,0%,No,,No - Variance does not exceed $100M,,
,,2730 - Prov-Contgnt Liabs & Commtmt, -   ," (413,184)",,0%,No,,No - Variance does not exceed $100M,,
,,2730_E - ECL Prov-LG_FG," (18,849,629)"," (26,421,905)",,0%,No,,No - Variance does not exceed $100M,,
,,2735A - Prov-Op Losses & Other Liabs-Int," (3,217,484)"," (3,220,172)",,0%,No,,No - Variance does not exceed $100M,,
,,2735B - Prov-Op Losses & Other Liabs-Ext," (15,726,071)"," (15,177,042)",,0%,No,,No - Variance does not exceed $100M,,
,,2735D - Prov Utilised-Ext," 10,956,267 "," 10,272,798 ",,0%,No,,No - Variance does not exceed $100M,,
,,2870A - Prov-Legal Claims & Costs," (718,693)"," (621,983)",,0%,No,,No - Variance does not exceed $100M,,
,Reserves,2030_E - ECL Acc Imp-Reserves," 4,880,743 "," 7,072,697 ",,0%,No,,No - Variance does not exceed $100M,,
,,2030A - Revenue Reserves," (8,241,953,794)"," (8,258,738,604)",,0%,No,Both CF Hedge reserves to be seen together as the net impact is very less. Line no 93,No - Variance does not exceed $100M,,
,,2030C - Reval.Reserves-Premises," (28,802,732)"," (28,861,379)",,0%,No,,No - Variance does not exceed $100M,,
,,2030D_B - FV Gain/Loss-Tbills/Dsec," 29,018,768 "," 43,071,455 ",,0%,No,,No - Variance does not exceed $100M,,
,,2030D_C - FV Gain/Loss-Equity," 18,593,392 "," 11,843,597 ",,0%,No,,No - Variance does not exceed $100M,,
,,2030E - FV Gain/Loss-Cash Flow Hdges," 126,588,380 "," 124,933,039 ",,0%,No,,No - Variance does not exceed $100M,,
,,2030F - Associates Company Reserves," 140,483,928 "," 140,769,977 ",,0%,No,,No - Variance does not exceed $100M,,
,,2030H - Merger Reserve," (19,782,875)"," (19,823,156)",,0%,No,,No - Variance does not exceed $100M,,
,,2030J - OCA Reserves," 627,631 "," 527,628 ",,0%,No,,No - Variance does not exceed $100M,,
,Share Capital,2020 - Share Capital," (13,151,538,169)"," (12,177,219,658)",,0%,No,,No - Variance does not exceed $100M,AT1 bonds issued is the primary reason for variance in AT1 BONDS-ISSUED category.,
,Share Options - Movement Analysis,2906A-Share Option Accruals," (28,874,051)"," (19,233,999)",,0%,No,,No - Variance does not exceed $100M,,
,Subordinated Ln Cap Grp,2059 - Subordinated Ln Cap Grp," (5,770,292,718)"," (5,761,159,159)",,0%,No,,No - Variance does not exceed $100M,,
OFF BS,Derivative Schedules,8615 - Contingent Liabs-IRRC-Bnkg," (1,639,674)"," (99,248,612)",,,,,,,
,,8617 - Contingent Assets-IRRC Bnkg," 115,261,625,107 "," 120,164,565,685 ",,0%,No,,No - Variance does not exceed $100M,,
,,8665 - Contingent Liabs-FERC Trd NG," 5,587,156,677 "," 6,050,577,628 ",,0%,No,,No - Variance does not exceed $100M,,
,,8670 - Contingent Assets-FERC Trd NG," 170,837,016,764 "," 166,610,313,064 ",,0%,No,,No - Variance does not exceed $100M,,
,,8715 - Contingent Liabs-IRRC Bnkg Grp, 0 ,,,0%,No,,No - Variance does not exceed $100M,,
,,8755 - Contingent Assets-IRRC Trd Grp," 574,702,053,315 "," 618,199,276,323 ",,0%,No,,No - Variance does not exceed $100M,,
,,8761 - Contingent Liabs-FERC-Trd-Grp," 12,579,442,341 "," 14,671,509,061 ",,,,,,,
,,8763 - Contingent Liabs-Inter desk," 141,617,372,782 "," 136,463,641,579 ",,,,,,,
,,8765 - Contingent Assets-FERC-Trd-Grp," 434,183,678,037 "," 552,008,465,483 ",,,,100.2564103,,,
,,8767 - Contingent Assets-Inter desk," 455,726,931,131 "," 416,696,090,789 ",,,,,,,
,,8783 - ERC Contingent Assets Grp, (0), (0),,,,,,,
,,8720 - Contingent Assets-IRRC Bnkg Gr,, 0 ,,,,,,,
,IFRS Contingent Assets (Group),8381 - Intra Group-SCB-Fwd Dep," 22,235,919 "," 3,258,042 ",,,,,,,
,,8371 - Trade Related contngnt Group," 900,000,000 "," 900,000,000 ",,,,,,,
,IFRS Contingent Assets (Non Group),8122 - Guarantees - Transaction Related," 1,842,534,801 "," 1,755,145,974 ",,,,,,,
,,8181 - Forwd Forwd Dep Placed N-Group," (1,796,798)"," (30,563,977)",,,,,,,
,IFRS Contingent Liabs (Group),8301 - Contra Accounts Group," 266,300,107 "," 284,792,132 ",,,,,,,
,,8311 - Direct Cr Substitute Group," (6,599,515,988)"," (4,329,707,888)",,,,,,,
,,8355 - Tran.related contingnt-Group," (164,383,412)"," (171,544,171)",,,,,,,
,,8381 - Intra Group-SCB-Fwd Dep," (33,613,710)"," (45,512,584)",,,,,,,
,,8425 - Intra Group Oth-Oth Com >1yr, 0 , 0 ,,,,,,,
,IFRS Contingent Liabs (Non Group),8001 -  Contra Accounts," 49,370,929,407 "," 50,239,145,974 ",,,,,,,
,,8111 - Irrevocable Letters of Credit - DCS," (201,487,565)"," (146,169,671)",,,,,,,
,,8112 - Other DCS contingent liabilities - DCS," (1,589,785,377)"," (1,685,938,575)",,,,,,,
,,8122 - Guarantees - Transaction Related," (694,030,962)"," (692,187,523)",,,,,,,
,,8133 - Irrevocable LoC - Trade Related," (103,986,699)"," (102,662,832)",,,,,,,
,,8151 - Sale & Pur Agreement N-Group," (417,466,212)"," (1,438,039,191)",,,,,,,
,,8181 - Forwd Forwd Dep Placed N-Group," 15,845,209 "," (24,074,358)",,,,,,,
,,8231 - Oth Comt (<1yr orig. mat)N-Gp," (1,458,429,403)"," (1,943,716,699)",,,,,,,
,,8241 - Oth Comt(>1 yr orig.mat) N-Gp," (14,211,802,681)"," (14,477,905,694)",,,,,,,
,,8251 - OthCom uncondition Cancel NGp," (3,538,307,756)"," (3,379,630,063)",,,,,,,
,,8600 - Treasury Contingents-Non Group," (1,014,137,294,644)"," (1,053,556,301,381)",,,,,,,
,,8700 - Treasury Contingent-Group Con," (902,490,495,216)"," (983,376,476,966)",,,,,,,
,,8242 - Revolvg Retail Comm," (17,082,946,309)"," (18,319,813,314)",,,,,,,
,,8252 - Non Revolvg Uncond canc comm," (5,407,427,187)"," (5,495,931,968)",,,,,,,
,Not Applicable,MEMO - Memo Accounts (All)," 5,221,332,405 "," 5,268,643,711 ",,,,,,,
PL,Analysis of Divends Paid & Declared,7950 - Dividend Paid," 1,402,543,837 "," 1,386,672,978 ",,,,,,,
,Analysis of Net Trading Income,5505 - Exchng Revaln of FCY Bal," 31,731,368 "," 37,784,135 ",,,,,,,
,,5510 - P/L-Disposal-Trdg Assets/Liabs," (1,141,758,243)"," (888,692,277)",,,,,,,
,,5530 - G/L-Trading Securities," (497,465,309)"," (674,007,285)",,,,,,,
,,5530 - Mvmt on MTM-Trdg Assets/Liabs," (138,312,777)"," (470,790,326)",,,,,,,
,,5545B - Designated at Fair Value Liabs," (125,117,522)"," (130,110,394)",,,,,,,
,,5545C - Fair Value Hedge Adjmt-Assts," (29,538,971)"," (27,702,534)",,,,,,,
,,5545D - Fair Value Hedge Adjmt-Liabs," 106,765,575 "," 101,149,010 ",,,,,,,
,,5546 - G/L-Trdng Inst-Mandtytrdg," (518,712,939)"," (463,710,187)",,,,,,,
,,5550A - Exchng Revaln of Fwd Contracts," 15,996,510 "," 27,282,557 ",,,,,,,
,,5550B - Exchng-FOREX Trading P/L," (350,532,286)"," (316,545,498)",,,,,,,
,,5565 - Inter Group Inc/Exp Alloc Net  ," (69,946,141)"," (80,227,729)",,,,,,,
,,5565 - Inter Group Inc/Exp Alloc Net  ," (34,562,786)"," (37,627,927)",,,,,,,
,,5585 - Fair Value Hedge Derivatives," (93,387,583)"," (87,475,666)",,,,,,,
,,5590C - G/L-Trdng Instrumt-IRD/CRD/OTH," (284,380,124)"," 125,101,611 ",,,,,,,
,Analysis of Operating Costs,6110 - Salaries and Allowances," 559,524,937 "," 508,582,313 ",,,,,,,
,,6117 - Bonuses," 166,391,066 "," 151,660,729 ",,,,,,,
,,6117B - Share Awards," 20,138,778 "," 17,914,577 ",,,,,,,
,,6125 - Retirement Benefits," 42,551,173 "," 38,611,546 ",,,,,,,
,,6130 - Staff Training," 465,273 "," 415,206 ",,,,,,,
,,6150 - Other Staff Costs," 109,316,111 "," 98,611,613 ",,,,,,,
,,6151A - Holiday Pay Accrual-Cost," 8,522,851 "," 8,540,204 ",,,,,,,
,,6310 - Rent Paid," 801,070 "," 1,029,305 ",,,,,,,
,,6312- Lease Fin Cost-non- Property," 5,082,809 "," 4,715,814 ",,,,,,,
,,6315 - Premises-Renewals & Maint.," 14,666,721 "," 12,675,737 ",,,,,,,
,,6320 - Other Premises Costs," 27,527,346 "," 24,699,332 ",,,,,,,
,,6330 - Depreciation-Premises," 79,470,640 "," 72,558,082 ",,,,,,,
,,6340 - Depreciation-Equipment," 48,708,707 "," 39,465,310 ",,,,,,,
,,6350 - Hire of Equipment," 20,813 "," 20,397 ",,,,,,,
,,6360 - Insurance-Premises & Eqmt," 338,367 "," 338,673 ",,,,,,,
,,6370 - Equipment-Renewals & Maint," 15,922,804 "," 12,924,558 ",,,,,,,
,,6511 - EY Companies-Audit Fees," 1,780,065 "," 1,631,672 ",,,,,,,
,,6513 - EY Companies-Non-Audit Work," 637,223 "," 607,598 ",,,,,,,
,,6515 - Non EY Comp-Audit Fees," 244,144 "," 222,235 ",,,,,,,
,,6520 - Legal Claims & Related Costs," (8,210,319)"," (8,227,036)",,,,,,,
,,6521 - Prof-Consultant Costs & Others," 18,868,867 "," 16,318,230 ",,,,,,,
,,6545 - Communications," 20,813,379 "," 18,548,064 ",,,,,,,
,,6550 - Computer Costs," 44,825,583 "," 38,987,056 ",,,,,,,
,,6558 - Depreciation-Capitalised S/W," 129,355,772 "," 119,063,484 ",,,,,,,
,,6560 - Travel," 7,696,463 "," 6,867,657 ",,,,,,,
,,6570 - Entertainment," 2,294,288 "," 2,093,010 ",,,,,,,
,,6572 - Stationery," 6,220,211 "," 5,696,367 ",,,,,,,
,,6574 - Printing and Publications," (688,460)"," (180,790)",,,,,,,
,,6576 - Advertising and Publicity," 27,427,259 "," 21,792,338 ",,,,,,,
,,6580B - Amt w-off w/o Pro-Op Loss Ext," (1,755,380)"," (645,344)",,,,,,,
,,6580E - P/L-New Prov Creat-Op.Loss Int," 3,011,024 "," 3,038,779 ",,,,,,,
,,6580F - Amt w-off w/o Pro-Op Loss Int," 2,657,879 "," 880,110 ",,,,,,,
,,6580H - Rec amt prev w/off-Op.Loss Int, (1), (1),,,,,,,
,,"6580I - Frauds, Shortages & Losses"," 11,846,482 "," 11,139,451 ",,,,,,,
,,6580J - Amt w-off w/o Pro-Op Loss GSSC," 21,342 "," 21,085 ",,,,,,,
,,6580L - Rec amt prev w/off-OpLoss GSSC," (10,019,292)"," (9,467,357)",,,,,,,
,,6590 - Insurance-Non Premises & Eqmt," 19,522,691 "," 18,613,035 ",,,,,,,
,,6594 - Community Expenditure," 1,187,913 "," 1,066,799 ",,,,,,,
,,6610 - Subscriptions," 14,982,676 "," 13,196,834 ",,,,,,,
,,6620A - FGCR GSF," 352,213,381 "," 289,146,074 ",,,,,,,
,,6620B - FGCR GB," 163,999,156 "," 149,736,720 ",,,,,,,
,,6650 - Other Costs," 416,054,544 "," 396,136,195 ",,,,,,,
,,6650A - Recharge from GBS India," 27,771,382 "," 25,190,076 ",,,,,,,
,,6650B - Recharge from GBS M'ysia," 25,664,322 "," 23,464,131 ",,,,,,,
,,6650G - Recharge from/(to) GBS-China," 33,579,890 "," 30,833,443 ",,,,,,,
,,6650I - Recharge from GBS Pol," 730,579 "," 657,391 ",,,,,,,
,,6651A - Indirect Taxes," 106,305 "," 104,168 ",,,,,,,
,,6650C - Recharge from GBS PHL," 2,075 ",,,,,,,,
,Analysis of Other Operating Income,5020 - DivIncEqSh&TrdInvstmt-Unlisted," (2,872,863)"," (2,878,713)",,,,,,,
,,5710 - Rents Receivable," (9,672,458)"," (8,810,276)",,,,,,,
,,5730 - Lease Modification Gn/Ls," (285,998)"," (285,673)",,,,,,,
,,5760 - Miscellaneous Income," (19,190,776)"," (18,183,359)",,,,,,,
,,5770 - Reval Invst Property - Surp/Deficit," 4,645,772 "," 4,655,232 ",,,,,,,
,Gains & Losses on Disposal of Non Trading Inv Sec,5720 - NetG/L-Disp-Non-FVOCIInvstmtSec," (33,547,726)"," 12,514,501 ",,,,,,,
,,5721 - Recycled G/L Tfr fr FVOCI Sec," (7,720,036)"," (7,735,755)",,,,,,,
,Interest Payable,4050A - Int Payable-Subord Loan Cap LT, (246), (247),,,,,,,
,,4200 - Depo by Banks & Cust-Non Group," 3,627,560,052 "," 3,336,407,753 ",,,,,,,
,,4890 - Other Int Payable-Non Group," 59,856,567 "," 59,486,766 ",,,,,,,
,,4915A_NTP-NTP Interco - Depo by Banks & Cust-Group," 153,340,695 "," 140,113,224 ",,,,,,,
,,4915B - Other Interest Payable-Group, (0), (0),,,,,,,
,,4950A - IntPayable-SubordLoanLTCap -Grp," 151,493,195 "," 138,229,045 ",,,,,,,
,,4991 - Int-Internal Loan / Deposit," 1,380,309 "," (908,731)",,,,,,,
,Interest Receivable & Similar Income,3150B - Amortn-Treasury&OthEligbBills," (111,005,583)"," (97,848,410)",,,,,,,
,,"3300 - Int Rcv-Lns,Adv&Oth-Non Group"," (3,251,103,715)"," (2,974,610,185)",,,,,,,
,,3300A - Int Rec on Impaired Loans-NGp ," (13,533,008)"," (12,090,470)",,,,,,,
,,3395 - EIR Amortisation-Non Group," (2,846,004)"," (1,754,899)",,,,,,,
,,3400A - Int Inc-DebtSec&OthFixedIncSec," (775,247,588)"," (705,251,163)",,,,,,,
,,3400B - Amortn-DebtSec&OthFixedIncSec," (39,953,284)"," (36,479,988)",,,,,,,
,,"3915_NTP-NTP - Int Rcv-Lns,Adv&Oth-SCB"," (1,012,788,997)"," (908,339,464)",,,,,,,
,,"3916_TP-Int Rcv-Lns,Adv&Oth-SCB"," (36,554)"," (5,766)",,,,,,,
,Not Applicable,4992 - Funds Transfer Pricing," (13,795)"," (5,054)",,,,,,,
,,4994 - Cost of Liquidity," 6,608 "," (2,148)",,,,,,,
,,4995 - Liquidity Pricing, (3), (1),,,,,,,
,Other Impairment,7181 - Impairment-Fixed Assets," (135,711)"," (135,987)",,,,,,,
,,7187 - Others," 8,732,190 "," 8,742,699 ",,,,,,,
,,7189 - Impairment-Capitalised S/W," 6,378,195 "," 6,391,182 ",,,,,,,
,Profit & Loss,"3915_NTP-NTP - Int Rcv-Lns,Adv&Oth-SCB"," (59,441,230)"," (57,937,696)",,,,,,,
,,5030A - Fee & Commission Inc-NGp," (868,364,929)"," (806,725,884)",,,,,,,
,,5030B_NTP-NTP Interco - Fee & Commission Inc-Grp," (1,161,356)"," (1,014,899)",,,,,,,
,,5030B_TP-TP Interco - Fee & Commission Inc-Grp," (259,634,014)"," (228,216,934)",,,,,,,
,,5470A - Fee & Commission Exp-NGp," 155,377,149 "," 141,123,396 ",,,,,,,
,,5470B_NTP-NTP Interco - Fee & Commission Exp-Grp," 13,898,053 "," 12,123,833 ",,,,,,,
,,5470B_TP-TP Interco - Fee & Commission Exp-Grp," 364,951,327 "," 328,767,603 ",,,,,,,
,,7100A_E - ECL Bad Debt_Loans," 46,339,177 "," 67,023,564 ",,,,,,,
,,7100B_E - ECL Bad Debt_LG_FG," (8,320,810)"," (748,377)",,,,,,,
,,7100C_E - ECL Bad Debt_Invsts," 4,790,261 "," (259,708)",,,,,,,
,,7101A - Cu-Spec B/D Chrg-New Prov Prin," 147,349,504 "," 145,914,052 ",,,,,,,
,,7101B - Cu-Spec B/D Chrg-New Prov Disc," 6,979,837 "," 6,245,881 ",,,,,,,
,,7101C - Cu-Spec B/D Chrg-New Prov AIR," 2,063,138 "," 1,977,057 ",,,,,,,
,,7101D - Cu-Spec B/D Chrg-New Prov.Pen Fee," 520,055 "," 502,384 ",,,,,,,
,,7104A - Cu-Spec B/D Write off Pri," 76,570,192 "," 70,489,770 ",,,,,,,
,,7106A - Cu-Sp B/D Rel-Prov N/Reqd Pri," (34,632,393)"," (31,190,812)",,,,,,,
,,7106B - Cu-Sp B/D Rel Pro N/Reqd Dis," (7,298,060)"," (866,504)",,,,,,,
,,7106C - Cu-Sp B/D Rel Prov N/Reqd AIR," (222,232)"," (215,683)",,,,,,,
,,7106D - Cu-Sp B/D Rel Prov N/Reqd.Pen Fee," (54,099)"," (52,332)",,,,,,,
,,7109A - Cu-Sp B/D Rel-Recov Pri," (21,065,327)"," (18,964,349)",,,,,,,
,,7140 - Liabs&Commtmt-Prov NLR/Recovrs, 655 ,,,,,,,,
,,7310 - Div Inc-Invstmt in Subsid," (553,488,741)"," (263,774,986)",,,,,,,
,,7330 - Share of PBT of Assoc Company," (113,675,482)"," (140,163,460)",,,,,,,
,Tax Charge Analysis,7720A - Ovrs Tax-CurrTaxThisPeriod," 380,458,539 "," 294,512,299 ",,,,,,,
,,7720B - Ovrs Tax-CurrTaxPriorPeriod," (10,916,766)"," (10,938,994)",,,,,,,
,,7720C - Ovrs Tax-DefrTaxThisPeriod," 17,230,007 "," 15,847,110 ",,,,,,,
,,7720D - Ovrs Tax-DefrTaxPriorPeriodAdj," (4,867,642)"," (4,877,553)",,,,,,,
(blank),(blank),(blank),,,,,,,,,
Grand Total,,, 0 , 0 ,,,,,,,
,,,,,,,,,,,
,,,,,,,,,,,
,,,,,,,,,,,
,,,,,,,,,,,
,,,,,,,,,,,
,,,,,,,,,,,
,,,,,,,,,,,
,,,,,,,,,,,
,,,,,,,,,,,
,,,,,,,,,,,
,,,,,,,,,,,
,,,,,,,,,,,
,,,,,,,,,,,
,,,,,,,,,,,
,,,,,,,,,,,
,,,,,,,,,,,
,,,,,,,,,,,
,,,,,,,,,,,
,,,,,,,,,,,
,,,,,,,,,,,
,,,,,,,,,,,
,,,,,,,,,,,
,,,,,,,,,,,
,,,,,,,,,,,
,,,,,,,,,,,
,,,,,,,,,,,
,,,,,,,,,,,
,,,,,,,,,,,
,,,,,,,,,,,
,,,,,,,,,,,
,,,,,,,,,,,
,,,,,,,,,,,
,,,,,,,,,,,
,,,,,,,,,,,
,,,,,,,,,,,
,,,,,,,,,,,
,,,,,,,,,,,
,,,,,,,,,,,
,,,,,,,,,,,
,,,,,,,,,,,
,,,,,,,,,,,
,,,,,,,,,,,
,,,,,,,,,,,
,,,,,,,,,,,
,,,,,,,,,,,
,,,,,,,,,,,
,,,,,,,,,,,
,,,,,,,,,,,
,,,,,,,,,,,
,,,,,,,,,,,
,,,,,,,,,,,
,,,,,,,,,,,
,,,,,,,,,,,
,,,,,,,,,,,
,,,,,,,,,,,
,,,,,,,,,,,
,,,,,,,,,,,
,,,,,,,,,,,
,,,,,,,,,,,
,,,,,,,,,,,
,,,,,,,,,,,
,,,,,,,,,,,
,,,,,,,,,,,
,,,,,,,,,,,
,,,,,,,,,,,
,,,,,,,,,,,
,,,,,,,,,,,
,,,,,,,,,,,
,,,,,,,,,,,
,,,,,,,,,,,
,,,,,,,,,,,
,,,,,,,,,,,
,,,,,,,,,,,
,,,,,,,,,,,
,,,,,,,,,,,
,,,,,,,,,,,
,,,,,,,,,,,
,,,,,,,,,,,
,,,,,,,,,,,
,,,,,,,,,,,
,,,,,,,,,,,
,,,,,,,,,,,
,,,,,,,,,,,
,,,,,,,,,,,
,,,,,,,,,,,
,,,,,,,,,,,
,,,,,,,,,,,
,,,,,,,,,,,
,,,,,,,,,,,
,,,,,,,,,,,
,,,,,,,,,,,
,,,,,,,,,,,
,,,,,,,,,,,
,,,,,,,,,,,
,,,,,,,,,,,
,,,,,,,,,,,
,,,,,,,,,,,
,,,,,,,,,,,
,,,,,,,,,,,
,,,,,,,,,,,
,,,,,,,,,,,
,,,,,,,,,,,
,,,,,,,,,,,
,,,,,,,,,,,
,,,,,,,,,,,
,,,,,,,,,,,
,,,,,,,,,,,
,,,,,,,,,,,
,,,,,,,,,,,
,,,,,,,,,,,
,,,,,,,,,,,
,,,,,,,,,,,
,,,,,,,,,,,
,,,,,,,,,,,
,,,,,,,,,,,
,,,,,,,,,,,
,,,,,,,,,,,
,,,,,,,,,,,
,,,,,,,,,,,
,,,,,,,,,,,
,,,,,,,,,,,
,,,,,,,,,,,
,,,,,,,,,,,
,,,,,,,,,,,
,,,,,,,,,,,
,,,,,,,,,,,
,,,,,,,,,,,
,,,,,,,,,,,
,,,,,,,,,,,
,,,,,,,,,,,
,,,,,,,,,,,
,,,,,,,,,,,
,,,,,,,,,,,
,,,,,,,,,,,
,,,,,,,,,,,
,,,,,,,,,,,
,,,,,,,,,,,
,,,,,,,,,,,
,,,,,,,,,,,
,,,,,,,,,,,
,,,,,,,,,,,
,,,,,,,,,,,
,,,,,,,,,,,
,,,,,,,,,,,
,,,,,,,,,,,
,,,,,,,,,,,
,,,,,,,,,,,
,,,,,,,,,,,
,,,,,,,,,,,
,,,,,,,,,,,
,,,,,,,,,,,
,,,,,,,,,,,
,,,,,,,,,,,
,,,,,,,,,,,
,,,,,,,,,,,
,,,,,,,,,,,
,,,,,,,,,,,
,,,,,,,,,,,
,,,,,,,,,,,
,,,,,,,,,,,
,,,,,,,,,,,
,,,,,,,,,,,
,,,,,,,,,,,
,,,,,,,,,,,
,,,,,,,,,,,
,,,,,,,,,,,
,,,,,,,,,,,
,,,,,,,,,,,
,,,,,,,,,,,
,,,,,,,,,,,
,,,,,,,,,,,
,,,,,,,,,,,
,,,,,,,,,,,
,,,,,,,,,,,
,,,,,,,,,,,
,,,,,,,,,,,
,,,,,,,,,,,
,,,,,,,,,,,
,,,,,,,,,,,
,,,,,,,,,,,
,,,,,,,,,,,
,,,,,,,,,,,
,,,,,,,,,,,
,,,,,,,,,,,
,,,,,,,,,,,
,,,,,,,,,,,
,,,,,,,,,,,
,,,,,,,,,,,
,,,,,,,,,,,
,,,,,,,,,,,
,,,,,,,,,,,
,,,,,,,,,,,
,,,,,,,,,,,
,,,,,,,,,,,
,,,,,,,,,,,
,,,,,,,,,,,
,,,,,,,,,,,
,,,,,,,,,,,
,,,,,,,,,,,
,,,,,,,,,,,
,,,,,,,,,,,
,,,,,,,,,,,
,,,,,,,,,,,
,,,,,,,,,,,
,,,,,,,,,,,
,,,,,,,,,,,
,,,,,,,,,,,
,,,,,,,,,,,
,,,,,,,,,,,
,,,,,,,,,,,
,,,,,,,,,,,
,,,,,,,,,,,
,,,,,,,,,,,
,,,,,,,,,,,
,,,,,,,,,,,
,,,,,,,,,,,
,,,,,,,,,,,
,,,,,,,,,,,
,,,,,,,,,,,
,,,,,,,,,,,
,,,,,,,,,,,
,,,,,,,,,,,
,,,,,,,,,,,
,,,,,,,,,,,
,,,,,,,,,,,
,,,,,,,,,,,
,,,,,,,,,,,
,,,,,,,,,,,
,,,,,,,,,,,
,,,,,,,,,,,
,,,,,,,,,,,
,,,,,,,,,,,
,,,,,,,,,,,
,,,,,,,,,,,
,,,,,,,,,,,
,,,,,,,,,,,
,,,,,,,,,,,
,,,,,,,,,,,
,,,,,,,,,,,
,,,,,,,,,,,
,,,,,,,,,,,
,,,,,,,,,,,
,,,,,,,,,,,
,,,,,,,,,,,
,,,,,,,,,,,
,,,,,,,,,,,
,,,,,,,,,,,
,,,,,,,,,,,
,,,,,,,,,,,
,,,,,,,,,,,
,,,,,,,,,,,
,,,,,,,,,,,
,,,,,,,,,,,
,,,,,,,,,,,
,,,,,,,,,,,
,,,,,,,,,,,
,,,,,,,,,,,
,,,,,,,,,,,
,,,,,,,,,,,
,,,,,,,,,,,
,,,,,,,,,,,
,,,,,,,,,,,
,,,,,,,,,,,
,,,,,,,,,,,
,,,,,,,,,,,
,,,,,,,,,,,
,,,,,,,,,,,
,,,,,,,,,,,
,,,,,,,,,,,
,,,,,,,,,,,
,,,,,,,,,,,
,,,,,,,,,,,
,,,,,,,,,,,
,,,,,,,,,,,
,,,,,,,,,,,
,,,,,,,,,,,
,,,,,,,,,,,
,,,,,,,,,,,
,,,,,,,,,,,
,,,,,,,,,,,
,,,,,,,,,,,
,,,,,,,,,,,
,,,,,,,,,,,
,,,,,,,,,,,
,,,,,,,,,,,
,,,,,,,,,,,
,,,,,,,,,,,
,,,,,,,,,,,
,,,,,,,,,,,
,,,,,,,,,,,
,,,,,,,,,,,
,,,,,,,,,,,
,,,,,,,,,,,
,,,,,,,,,,,
,,,,,,,,,,,
,,,,,,,,,,,
,,,,,,,,,,,
,,,,,,,,,,,
,,,,,,,,,,,
,,,,,,,,,,,
,,,,,,,,,,,
,,,,,,,,,,,
,,,,,,,,,,,
,,,,,,,,,,,
,,,,,,,,,,,
,,,,,,,,,,,
,,,,,,,,,,,
,,,,,,,,,,,
,,,,,,,,,,,
,,,,,,,,,,,
,,,,,,,,,,,
,,,,,,,,,,,
,,,,,,,,,,,
,,,,,,,,,,,
,,,,,,,,,,,
,,,,,,,,,,,
,,,,,,,,,,,
,,,,,,,,,,,
,,,,,,,,,,,
,,,,,,,,,,,
,,,,,,,,,,,
,,,,,,,,,,,
,,,,,,,,,,,
,,,,,,,,,,,
,,,,,,,,,,,
,,,,,,,,,,,
,,,,,,,,,,,
,,,,,,,,,,,
,,,,,,,,,,,
,,,,,,,,,,,
,,,,,,,,,,,
,,,,,,,,,,,
,,,,,,,,,,,
,,,,,,,,,,,
,,,,,,,,,,,
,,,,,,,,,,,
,,,,,,,,,,,
,,,,,,,,,,,
,,,,,,,,,,,
,,,,,,,,,,,
,,,,,,,,,,,
,,,,,,,,,,,
,,,,,,,,,,,
,,,,,,,,,,,
,,,,,,,,,,,
,,,,,,,,,,,
,,,,,,,,,,,
,,,,,,,,,,,
,,,,,,,,,,,
,,,,,,,,,,,
,,,,,,,,,,,
,,,,,,,,,,,
,,,,,,,,,,,
,,,,,,,,,,,
,,,,,,,,,,,
,,,,,,,,,,,
,,,,,,,,,,,
,,,,,,,,,,,
,,,,,,,,,,,
,,,,,,,,,,,
,,,,,,,,,,,
,,,,,,,,,,,
,,,,,,,,,,,
,,,,,,,,,,,
,,,,,,,,,,,
,,,,,,,,,,,
,,,,,,,,,,,
,,,,,,,,,,,
,,,,,,,,,,,
,,,,,,,,,,,
,,,,,,,,,,,
,,,,,,,,,,,
,,,,,,,,,,,
,,,,,,,,,,,
,,,,,,,,,,,
,,,,,,,,,,,
,,,,,,,,,,,
,,,,,,,,,,,
,,,,,,,,,,,
,,,,,,,,,,,
,,,,,,,,,,,
,,,,,,,,,,,
,,,,,,,,,,,
,,,,,,,,,,,
,,,,,,,,,,,
,,,,,,,,,,,
,,,,,,,,,,,
,,,,,,,,,,,
,,,,,,,,,,,
,,,,,,,,,,,
,,,,,,,,,,,
,,,,,,,,,,,
,,,,,,,,,,,
,,,,,,,,,,,
,,,,,,,,,,,
,,,,,,,,,,,
,,,,,,,,,,,
,,,,,,,,,,,
,,,,,,,,,,,
,,,,,,,,,,,
,,,,,,,,,,,
,,,,,,,,,,,
,,,,,,,,,,,
,,,,,,,,,,,
,,,,,,,,,,,
,,,,,,,,,,,
,,,,,,,,,,,
,,,,,,,,,,,
,,,,,,,,,,,
,,,,,,,,,,,
,,,,,,,,,,,
,,,,,,,,,,,
,,,,,,,,,,,
,,,,,,,,,,,
,,,,,,,,,,,
,,,,,,,,,,,
,,,,,,,,,,,
,,,,,,,,,,,
,,,,,,,,,,,
,,,,,,,,,,,
,,,,,,,,,,,
,,,,,,,,,,,
,,,,,,,,,,,
,,,,,,,,,,,
,,,,,,,,,,,
,,,,,,,,,,,
,,,,,,,,,,,
,,,,,,,,,,,
,,,,,,,,,,,
,,,,,,,,,,,
,,,,,,,,,,,
,,,,,,,,,,,
,,,,,,,,,,,
,,,,,,,,,,,
,,,,,,,,,,,
,,,,,,,,,,,
,,,,,,,,,,,
,,,,,,,,,,,
,,,,,,,,,,,
,,,,,,,,,,,
,,,,,,,,,,,
,,,,,,,,,,,
,,,,,,,,,,,
,,,,,,,,,,,
,,,,,,,,,,,
,,,,,,,,,,,
,,,,,,,,,,,
,,,,,,,,,,,
,,,,,,,,,,,
,,,,,,,,,,,
,,,,,,,,,,,
,,,,,,,,,,,
,,,,,,,,,,,
,,,,,,,,,,,
,,,,,,,,,,,
,,,,,,,,,,,
,,,,,,,,,,,
,,,,,,,,,,,
,,,,,,,,,,,
,,,,,,,,,,,
,,,,,,,,,,,
,,,,,,,,,,,
,,,,,,,,,,,
,,,,,,,,,,,
,,,,,,,,,,,
,,,,,,,,,,,
,,,,,,,,,,,
,,,,,,,,,,,
,,,,,,,,,,,
,,,,,,,,,,,
,,,,,,,,,,,
,,,,,,,,,,,
,,,,,,,,,,,
,,,,,,,,,,,
,,,,,,,,,,,
,,,,,,,,,,,
,,,,,,,,,,,
,,,,,,,,,,,
,,,,,,,,,,,
,,,,,,,,,,,
,,,,,,,,,,,
,,,,,,,,,,,
,,,,,,,,,,,
,,,,,,,,,,,
,,,,,,,,,,,
,,,,,,,,,,,
,,,,,,,,,,,
,,,,,,,,,,,
,,,,,,,,,,,
,,,,,,,,,,,
,,,,,,,,,,,
,,,,,,,,,,,
,,,,,,,,,,,
,,,,,,,,,,,
,,,,,,,,,,,
,,,,,,,,,,,
,,,,,,,,,,,
,,,,,,,,,,,
,,,,,,,,,,,
,,,,,,,,,,,
,,,,,,,,,,,
,,,,,,,,,,,
,,,,,,,,,,,
,,,,,,,,,,,
,,,,,,,,,,,
,,,,,,,,,,,
,,,,,,,,,,,
,,,,,,,,,,,
,,,,,,,,,,,
,,,,,,,,,,,
,,,,,,,,,,,
,,,,,,,,,,,
,,,,,,,,,,,
,,,,,,,,,,,
,,,,,,,,,,,
,,,,,,,,,,,
,,,,,,,,,,,
,,,,,,,,,,,
,,,,,,,,,,,
,,,,,,,,,,,
,,,,,,,,,,,
,,,,,,,,,,,
,,,,,,,,,,,
,,,,,,,,,,,
,,,,,,,,,,,
,,,,,,,,,,,
,,,,,,,,,,,
,,,,,,,,,,,
,,,,,,,,,,,
,,,,,,,,,,,
,,,,,,,,,,,
,,,,,,,,,,,
,,,,,,,,,,,
,,,,,,,,,,,
,,,,,,,,,,,
,,,,,,,,,,,
,,,,,,,,,,,
,,,,,,,,,,,
,,,,,,,,,,,
,,,,,,,,,,,
,,,,,,,,,,,
,,,,,,,,,,,
,,,,,,,,,,,
,,,,,,,,,,,
,,,,,,,,,,,
,,,,,,,,,,,
,,,,,,,,,,,
,,,,,,,,,,,
,,,,,,,,,,,
,,,,,,,,,,,
,,,,,,,,,,,
,,,,,,,,,,,
,,,,,,,,,,,
,,,,,,,,,,,
,,,,,,,,,,,
,,,,,,,,,,,
,,,,,,,,,,,
,,,,,,,,,,,
,,,,,,,,,,,
,,,,,,,,,,,
,,,,,,,,,,,
,,,,,,,,,,,
,,,,,,,,,,,
,,,,,,,,,,,
,,,,,,,,,,,
,,,,,,,,,,,
,,,,,,,,,,,
,,,,,,,,,,,
,,,,,,,,,,,
,,,,,,,,,,,
,,,,,,,,,,,
,,,,,,,,,,,
,,,,,,,,,,,
,,,,,,,,,,,
,,,,,,,,,,,
,,,,,,,,,,,
,,,,,,,,,,,
,,,,,,,,,,,
,,,,,,,,,,,
,,,,,,,,,,,
,,,,,,,,,,,
,,,,,,,,,,,
,,,,,,,,,,,
,,,,,,,,,,,
,,,,,,,,,,,
,,,,,,,,,,,
,,,,,,,,,,,
,,,,,,,,,,,
,,,,,,,,,,,
,,,,,,,,,,,
,,,,,,,,,,,
,,,,,,,,,,,
,,,,,,,,,,,
,,,,,,,,,,,
,,,,,,,,,,,
,,,,,,,,,,,
,,,,,,,,,,,
,,,,,,,,,,,
,,,,,,,,,,,
,,,,,,,,,,,
,,,,,,,,,,,
,,,,,,,,,,,
,,,,,,,,,,,
,,,,,,,,,,,
,,,,,,,,,,,
,,,,,,,,,,,
,,,,,,,,,,,
,,,,,,,,,,,
,,,,,,,,,,,
,,,,,,,,,,,
,,,,,,,,,,,
,,,,,,,,,,,
,,,,,,,,,,,
,,,,,,,,,,,
,,,,,,,,,,,
,,,,,,,,,,,
,,,,,,,,,,,
,,,,,,,,,,,
,,,,,,,,,,,
,,,,,,,,,,,
,,,,,,,,,,,
,,,,,,,,,,,
,,,,,,,,,,,
,,,,,,,,,,,
,,,,,,,,,,,
,,,,,,,,,,,
,,,,,,,,,,,
,,,,,,,,,,,
,,,,,,,,,,,
,,,,,,,,,,,
,,,,,,,,,,,
,,,,,,,,,,,
,,,,,,,,,,,
,,,,,,,,,,,
,,,,,,,,,,,
,,,,,,,,,,,
,,,,,,,,,,,
,,,,,,,,,,,
,,,,,,,,,,,
,,,,,,,,,,,
,,,,,,,,,,,
,,,,,,,,,,,
,,,,,,,,,,,
,,,,,,,,,,,
,,,,,,,,,,,
,,,,,,,,,,,
,,,,,,,,,,,
,,,,,,,,,,,
,,,,,,,,,,,
,,,,,,,,,,,
,,,,,,,,,,,
,,,,,,,,,,,
,,,,,,,,,,,
,,,,,,,,,,,
,,,,,,,,,,,
,,,,,,,,,,,
,,,,,,,,,,,
,,,,,,,,,,,
,,,,,,,,,,,
,,,,,,,,,,,
,,,,,,,,,,,
,,,,,,,,,,,
,,,,,,,,,,,
,,,,,,,,,,,
,,,,,,,,,,,
,,,,,,,,,,,
,,,,,,,,,,,
,,,,,,,,,,,
,,,,,,,,,,,
,,,,,,,,,,,
,,,,,,,,,,,
,,,,,,,,,,,
,,,,,,,,,,,
,,,,,,,,,,,
,,,,,,,,,,,
,,,,,,,,,,,
,,,,,,,,,,,
,,,,,,,,,,,
,,,,,,,,,,,
,,,,,,,,,,,
,,,,,,,,,,,
,,,,,,,,,,,
,,,,,,,,,,,
,,,,,,,,,,,
,,,,,,,,,,,
,,,,,,,,,,,
,,,,,,,,,,,
,,,,,,,,,,,
,,,,,,,,,,,
,,,,,,,,,,,
,,,,,,,,,,,
,,,,,,,,,,,
,,,,,,,,,,,
,,,,,,,,,,,
,,,,,,,,,,,
,,,,,,,,,,,
,,,,,,,,,,,
,,,,,,,,,,,
,,,,,,,,,,,
,,,,,,,,,,,
,,,,,,,,,,,
,,,,,,,,,,,
,,,,,,,,,,,
,,,,,,,,,,,
,,,,,,,,,,,
,,,,,,,,,,,
,,,,,,,,,,,
,,,,,,,,,,,
,,,,,,,,,,,
,,,,,,,,,,,
,,,,,,,,,,,
,,,,,,,,,,,
,,,,,,,,,,,
,,,,,,,,,,,
,,,,,,,,,,,
,,,,,,,,,,,
,,,,,,,,,,,
,,,,,,,,,,,
,,,,,,,,,,,
,,,,,,,,,,,
,,,,,,,,,,,
,,,,,,,,,,,
,,,,,,,,,,,
,,,,,,,,,,,
,,,,,,,,,,,
,,,,,,,,,,,
,,,,,,,,,,,
,,,,,,,,,,,
,,,,,,,,,,,
,,,,,,,,,,,
,,,,,,,,,,,
,,,,,,,,,,,
,,,,,,,,,,,
,,,,,,,,,,,
,,,,,,,,,,,
,,,,,,,,,,,
,,,,,,,,,,,
,,,,,,,,,,,
,,,,,,,,,,,
,,,,,,,,,,,
,,,,,,,,,,,
,,,,,,,,,,,
,,,,,,,,,,,
,,,,,,,,,,,
,,,,,,,,,,,
,,,,,,,,,,,
,,,,,,,,,,,
,,,,,,,,,,,
,,,,,,,,,,,
,,,,,,,,,,,
,,,,,,,,,,,
,,,,,,,,,,,
,,,,,,,,,,,
,,,,,,,,,,,
,,,,,,,,,,,
,,,,,,,,,,,
,,,,,,,,,,,
,,,,,,,,,,,
,,,,,,,,,,,
,,,,,,,,,,,
,,,,,,,,,,,
,,,,,,,,,,,
,,,,,,,,,,,
,,,,,,,,,,,
,,,,,,,,,,,
,,,,,,,,,,,
,,,,,,,,,,,
,,,,,,,,,,,
,,,,,,,,,,,
,,,,,,,,,,,
,,,,,,,,,,,
,,,,,,,,,,,
,,,,,,,,,,,
,,,,,,,,,,,
,,,,,,,,,,,
,,,,,,,,,,,
,,,,,,,,,,,
,,,,,,,,,,,
,,,,,,,,,,,
,,,,,,,,,,,
,,,,,,,,,,,
,,,,,,,,,,,
,,,,,,,,,,,
,,,,,,,,,,,
,,,,,,,,,,,
,,,,,,,,,,,
,,,,,,,,,,,
,,,,,,,,,,,
,,,,,,,,,,,
,,,,,,,,,,,
,,,,,,,,,,,
,,,,,,,,,,,
,,,,,,,,,,,
,,,,,,,,,,,
,,,,,,,,,,,
,,,,,,,,,,,
,,,,,,,,,,,
,,,,,,,,,,,
,,,,,,,,,,,
,,,,,,,,,,,
,,,,,,,,,,,
,,,,,,,,,,,
,,,,,,,,,,,
,,,,,,,,,,,
,,,,,,,,,,,
,,,,,,,,,,,
,,,,,,,,,,,
,,,,,,,,,,,
,,,,,,,,,,,
,,,,,,,,,,,
,,,,,,,,,,,
,,,,,,,,,,,
,,,,,,,,,,,
,,,,,,,,,,,
,,,,,,,,,,,
,,,,,,,,,,,
,,,,,,,,,,,
,,,,,,,,,,,
,,,,,,,,,,,
,,,,,,,,,,,
,,,,,,,,,,,
,,,,,,,,,,,
,,,,,,,,,,,
,,,,,,,,,,,
,,,,,,,,,,,
,,,,,,,,,,,
,,,,,,,,,,,
,,,,,,,,,,,
,,,,,,,,,,,
,,,,,,,,,,,
,,,,,,,,,,,
,,,,,,,,,,,
,,,,,,,,,,,
,,,,,,,,,,,
,,,,,,,,,,,
,,,,,,,,,,,
,,,,,,,,,,,
,,,,,,,,,,,
,,,,,,,,,,,
,,,,,,,,,,,
,,,,,,,,,,,
,,,,,,,,,,,
,,,,,,,,,,,
,,,,,,,,,,,
,,,,,,,,,,,
,,,,,,,,,,,
,,,,,,,,,,,
,,,,,,,,,,,
,,,,,,,,,,,
,,,,,,,,,,,
,,,,,,,,,,,
,,,,,,,,,,,
,,,,,,,,,,,
,,,,,,,,,,,
,,,,,,,,,,,
,,,,,,,,,,,
,,,,,,,,,,,
,,,,,,,,,,,
,,,,,,,,,,,
,,,,,,,,,,,
,,,,,,,,,,,
,,,,,,,,,,,
,,,,,,,,,,,
,,,,,,,,,,,
,,,,,,,,,,,
,,,,,,,,,,,
,,,,,,,,,,,
,,,,,,,,,,,
,,,,,,,,,,,
,,,,,,,,,,,
,,,,,,,,,,,
,,,,,,,,,,,
,,,,,,,,,,,
,,,,,,,,,,,
,,,,,,,,,,,
,,,,,,,,,,,
,,,,,,,,,,,
,,,,,,,,,,,
,,,,,,,,,,,
,,,,,,,,,,,
,,,,,,,,,,,
,,,,,,,,,,,
,,,,,,,,,,,
,,,,,,,,,,,
,,,,,,,,,,,
,,,,,,,,,,,
,,,,,,,,,,,
,,,,,,,,,,,
,,,,,,,,,,,
,,,,,,,,,,,
,,,,,,,,,,,
,,,,,,,,,,,
,,,,,,,,,,,
,,,,,,,,,,,
,,,,,,,,,,,
,,,,,,,,,,,
,,,,,,,,,,,
,,,,,,,,,,,
,,,,,,,,,,,
,,,,,,,,,,,
,,,,,,,,,,,
,,,,,,,,,,,
,,,,,,,,,,,
,,,,,,,,,,,
,,,,,,,,,,,
,,,,,,,,,,,
,,,,,,,,,,,
,,,,,,,,,,,
,,,,,,,,,,,
,,,,,,,,,,,
,,,,,,,,,,,
,,,,,,,,,,,
,,,,,,,,,,,
,,,,,,,,,,,
,,,,,,,,,,,
,,,,,,,,,,,
,,,,,,,,,,,
,,,,,,,,,,,
,,,,,,,,,,,
,,,,,,,,,,,
,,,,,,,,,,,
,,,,,,,,,,,
,,,,,,,,,,,
,,,,,,,,,,,
,,,,,,,,,,,
,,,,,,,,,,,
,,,,,,,,,,,
,,,,,,,,,,,
,,,,,,,,,,,
,,,,,,,,,,,
,,,,,,,,,,,
,,,,,,,,,,,
,,,,,,,,,,,
,,,,,,,,,,,
,,,,,,,,,,,
,,,,,,,,,,,
,,,,,,,,,,,
,,,,,,,,,,,
,,,,,,,,,,,
,,,,,,,,,,,
,,,,,,,,,,,
,,,,,,,,,,,
,,,,,,,,,,,
,,,,,,,,,,,
,,,,,,,,,,,
,,,,,,,,,,,
,,,,,,,,,,,
,,,,,,,,,,,
,,,,,,,,,,,
,,,,,,,,,,,
,,,,,,,,,,,
,,,,,,,,,,,
,,,,,,,,,,,
,,,,,,,,,,,
,,,,,,,,,,,
,,,,,,,,,,,
,,,,,,,,,,,
,,,,,,,,,,,
,,,,,,,,,,,
,,,,,,,,,,,
,,,,,,,,,,,
,,,,,,,,,,,
,,,,,,,,,,,
,,,,,,,,,,,
,,,,,,,,,,,
,,,,,,,,,,,
,,,,,,,,,,,
,,,,,,,,,,,
,,,,,,,,,,,
,,,,,,,,,,,
,,,,,,,,,,,
,,,,,,,,,,,
,,,,,,,,,,,
,,,,,,,,,,,
,,,,,,,,,,,
,,,,,,,,,,,
,,,,,,,,,,,
,,,,,,,,,,,
,,,,,,,,,,,
,,,,,,,,,,,
,,,,,,,,,,,
,,,,,,,,,,,
,,,,,,,,,,,
,,,,,,,,,,,
,,,,,,,,,,,
,,,,,,,,,,,
,,,,,,,,,,,
,,,,,,,,,,,
,,,,,,,,,,,
,,,,,,,,,,,
,,,,,,,,,,,
,,,,,,,,,,,
,,,,,,,,,,,
,,,,,,,,,,,
,,,,,,,,,,,
,,,,,,,,,,,
,,,,,,,,,,,
,,,,,,,,,,,
,,,,,,,,,,,
,,,,,,,,,,,
,,,,,,,,,,,
,,,,,,,,,,,
,,,,,,,,,,,
,,,,,,,,,,,
,,,,,,,,,,,
,,,,,,,,,,,
,,,,,,,,,,,
,,,,,,,,,,,
,,,,,,,,,,,
,,,,,,,,,,,
,,,,,,,,,,,
,,,,,,,,,,,
,,,,,,,,,,,
,,,,,,,,,,,
,,,,,,,,,,,
,,,,,,,,,,,
,,,,,,,,,,,
,,,,,,,,,,,
,,,,,,,,,,,
,,,,,,,,,,,
,,,,,,,,,,,
,,,,,,,,,,,
,,,,,,,,,,,
,,,,,,,,,,,
,,,,,,,,,,,
,,,,,,,,,,,
,,,,,,,,,,,
,,,,,,,,,,,
,,,,,,,,,,,
,,,,,,,,,,,
,,,,,,,,,,,
,,,,,,,,,,,
,,,,,,,,,,,
,,,,,,,,,,,
,,,,,,,,,,,
,,,,,,,,,,,
,,,,,,,,,,,
,,,,,,,,,,,
,,,,,,,,,,,
,,,,,,,,,,,
,,,,,,,,,,,
,,,,,,,,,,,
,,,,,,,,,,,
,,,,,,,,,,,
,,,,,,,,,,,
,,,,,,,,,,,
,,,,,,,,,,,
,,,,,,,,,,,
,,,,,,,,,,,
,,,,,,,,,,,
,,,,,,,,,,,
,,,,,,,,,,,
,,,,,,,,,,,
,,,,,,,,,,,
,,,,,,,,,,,
,,,,,,,,,,,
,,,,,,,,,,,
,,,,,,,,,,,
,,,,,,,,,,,
,,,,,,,,,,,
,,,,,,,,,,,
,,,,,,,,,,,
,,,,,,,,,,,
,,,,,,,,,,,
,,,,,,,,,,,
,,,,,,,,,,,
,,,,,,,,,,,
,,,,,,,,,,,
,,,,,,,,,,,
,,,,,,,,,,,
,,,,,,,,,,,
,,,,,,,,,,,
,,,,,,,,,,,
,,,,,,,,,,,
,,,,,,,,,,,
,,,,,,,,,,,
,,,,,,,,,,,
,,,,,,,,,,,
,,,,,,,,,,,
,,,,,,,,,,,
,,,,,,,,,,,
,,,,,,,,,,,
,,,,,,,,,,,
,,,,,,,,,,,
,,,,,,,,,,,
,,,,,,,,,,,
,,,,,,,,,,,
,,,,,,,,,,,
,,,,,,,,,,,
,,,,,,,,,,,
,,,,,,,,,,,
,,,,,,,,,,,
,,,,,,,,,,,
,,,,,,,,,,,
,,,,,,,,,,,
,,,,,,,,,,,
,,,,,,,,,,,
,,,,,,,,,,,
,,,,,,,,,,,
,,,,,,,,,,,
,,,,,,,,,,,
,,,,,,,,,,,
,,,,,,,,,,,
,,,,,,,,,,,
,,,,,,,,,,,
,,,,,,,,,,,
,,,,,,,,,,,
,,,,,,,,,,,
,,,,,,,,,,,
,,,,,,,,,,,
,,,,,,,,,,,
,,,,,,,,,,,
,,,,,,,,,,,
,,,,,,,,,,,
,,,,,,,,,,,
,,,,,,,,,,,
,,,,,,,,,,,
,,,,,,,,,,,
,,,,,,,,,,,
,,,,,,,,,,,
,,,,,,,,,,,
,,,,,,,,,,,
,,,,,,,,,,,
,,,,,,,,,,,
,,,,,,,,,,,
,,,,,,,,,,,
,,,,,,,,,,,
,,,,,,,,,,,
,,,,,,,,,,,
,,,,,,,,,,,
,,,,,,,,,,,
,,,,,,,,,,,
,,,,,,,,,,,
,,,,,,,,,,,
,,,,,,,,,,,
,,,,,,,,,,,
,,,,,,,,,,,
,,,,,,,,,,,
,,,,,,,,,,,
,,,,,,,,,,,
,,,,,,,,,,,
,,,,,,,,,,,
,,,,,,,,,,,
,,,,,,,,,,,
,,,,,,,,,,,
,,,,,,,,,,,
,,,,,,,,,,,
,,,,,,,,,,,
,,,,,,,,,,,
,,,,,,,,,,,
,,,,,,,,,,,
,,,,,,,,,,,
,,,,,,,,,,,
,,,,,,,,,,,
,,,,,,,,,,,
,,,,,,,,,,,
,,,,,,,,,,,
,,,,,,,,,,,
,,,,,,,,,,,
,,,,,,,,,,,
,,,,,,,,,,,
,,,,,,,,,,,
,,,,,,,,,,,
,,,,,,,,,,,
,,,,,,,,,,,
,,,,,,,,,,,
,,,,,,,,,,,
,,,,,,,,,,,
,,,,,,,,,,,
,,,,,,,,,,,
,,,,,,,,,,,
,,,,,,,,,,,
,,,,,,,,,,,
,,,,,,,,,,,
,,,,,,,,,,,
,,,,,,,,,,,
,,,,,,,,,,,
,,,,,,,,,,,
,,,,,,,,,,,
,,,,,,,,,,,
,,,,,,,,,,,
,,,,,,,,,,,
,,,,,,,,,,,
,,,,,,,,,,,
,,,,,,,,,,,
,,,,,,,,,,,
,,,,,,,,,,,
,,,,,,,,,,,
,,,,,,,,,,,
,,,,,,,,,,,
,,,,,,,,,,,
,,,,,,,,,,,
,,,,,,,,,,,
,,,,,,,,,,,
,,,,,,,,,,,
,,,,,,,,,,,
,,,,,,,,,,,
,,,,,,,,,,,
,,,,,,,,,,,
,,,,,,,,,,,
,,,,,,,,,,,
,,,,,,,,,,,
,,,,,,,,,,,
,,,,,,,,,,,
,,,,,,,,,,,
,,,,,,,,,,,
,,,,,,,,,,,
,,,,,,,,,,,
,,,,,,,,,,,
,,,,,,,,,,,
,,,,,,,,,,,
,,,,,,,,,,,
,,,,,,,,,,,
,,,,,,,,,,,
,,,,,,,,,,,
,,,,,,,,,,,
,,,,,,,,,,,
,,,,,,,,,,,
,,,,,,,,,,,
,,,,,,,,,,,
,,,,,,,,,,,
,,,,,,,,,,,
,,,,,,,,,,,
,,,,,,,,,,,
,,,,,,,,,,,
,,,,,,,,,,,
,,,,,,,,,,,
,,,,,,,,,,,
,,,,,,,,,,,
,,,,,,,,,,,
,,,,,,,,,,,
,,,,,,,,,,,
,,,,,,,,,,,
,,,,,,,,,,,
,,,,,,,,,,,
,,,,,,,,,,,
,,,,,,,,,,,
,,,,,,,,,,,
,,,,,,,,,,,
,,,,,,,,,,,
,,,,,,,,,,,
,,,,,,,,,,,
,,,,,,,,,,,
,,,,,,,,,,,
,,,,,,,,,,,
,,,,,,,,,,,
,,,,,,,,,,,
,,,,,,,,,,,
,,,,,,,,,,,
,,,,,,,,,,,
,,,,,,,,,,,
,,,,,,,,,,,
,,,,,,,,,,,
,,,,,,,,,,,
,,,,,,,,,,,
,,,,,,,,,,,
,,,,,,,,,,,
,,,,,,,,,,,
,,,,,,,,,,,
,,,,,,,,,,,
,,,,,,,,,,,
,,,,,,,,,,,
,,,,,,,,,,,
,,,,,,,,,,,
,,,,,,,,,,,
,,,,,,,,,,,
,,,,,,,,,,,
,,,,,,,,,,,
,,,,,,,,,,,
,,,,,,,,,,,
,,,,,,,,,,,
,,,,,,,,,,,
,,,,,,,,,,,
,,,,,,,,,,,
,,,,,,,,,,,
,,,,,,,,,,,
,,,,,,,,,,,
,,,,,,,,,,,
,,,,,,,,,,,
,,,,,,,,,,,
,,,,,,,,,,,
,,,,,,,,,,,
,,,,,,,,,,,
,,,,,,,,,,,
,,,,,,,,,,,
,,,,,,,,,,,
,,,,,,,,,,,
,,,,,,,,,,,
,,,,,,,,,,,
,,,,,,,,,,,
,,,,,,,,,,,
,,,,,,,,,,,
,,,,,,,,,,,
,,,,,,,,,,,
,,,,,,,,,,,
,,,,,,,,,,,
,,,,,,,,,,,
,,,,,,,,,,,
,,,,,,,,,,,
,,,,,,,,,,,
,,,,,,,,,,,
,,,,,,,,,,,
,,,,,,,,,,,
,,,,,,,,,,,
,,,,,,,,,,,
,,,,,,,,,,,
,,,,,,,,,,,
,,,,,,,,,,,
,,,,,,,,,,,
,,,,,,,,,,,
,,,,,,,,,,,
,,,,,,,,,,,
